"Pattern","CatalogTag","ArchiveBand","Title","Slug","AwwwardsRecord","GalleryPage"
"Hierarchy and readable type","Typography","Recent","Adam Bricker","adam-bricker","https://www.awwwards.com/sites/adam-bricker","https://www.awwwards.com/websites/portfolio/?page=16"
"Hierarchy and readable type","Typography","Middle","2024- Year in Review","2024-year-in-review","https://www.awwwards.com/sites/2024-year-in-review","https://www.awwwards.com/websites/portfolio/?page=40"
"Hierarchy and readable type","Typography","Earlier","Adam Kozel Portfolio","adam-kozel-portfolio","https://www.awwwards.com/sites/adam-kozel-portfolio","https://www.awwwards.com/websites/portfolio/?page=53"
"Restraint and whitespace","Minimal","Recent","A HAPPY NEW YEAR 2026","a-happy-new-year-2026","https://www.awwwards.com/sites/a-happy-new-year-2026","https://www.awwwards.com/websites/portfolio/?page=20"
"Restraint and whitespace","Minimal","Middle","1 bit Pixel Art Dev Portfolio","1-bit-pixel-art-dev-portfolio","https://www.awwwards.com/sites/1-bit-pixel-art-dev-portfolio","https://www.awwwards.com/websites/portfolio/?page=33"
"Restraint and whitespace","Minimal","Earlier","3Dear","3dear","https://www.awwwards.com/sites/3dear","https://www.awwwards.com/websites/portfolio/?page=55"
"Purposeful motion","Animation","Recent","02PX","02px","https://www.awwwards.com/sites/02px","https://www.awwwards.com/websites/portfolio/?page=12"
"Purposeful motion","Animation","Middle","0110 Studio - Portfolio web","0110-studio-portfolio-web","https://www.awwwards.com/sites/0110-studio-portfolio-web","https://www.awwwards.com/websites/portfolio/?page=34"
"Purposeful motion","Animation","Earlier","A&T-STUDIO","a-t-studio","https://www.awwwards.com/sites/a-t-studio","https://www.awwwards.com/websites/portfolio/?page=52"
"Responsive composition","Responsive Design","Recent","Aeruk","aeruk","https://www.awwwards.com/sites/aeruk","https://www.awwwards.com/websites/portfolio/?page=12"
"Responsive composition","Responsive Design","Middle","A HAPPY NEW YEAR 2025","a-happy-new-year-2025","https://www.awwwards.com/sites/a-happy-new-year-2025","https://www.awwwards.com/websites/portfolio/?page=40"
"Responsive composition","Responsive Design","Earlier","A HAPPY NEW YEAR 2024","a-happy-new-year-2024","https://www.awwwards.com/sites/a-happy-new-year-2024","https://www.awwwards.com/websites/portfolio/?page=65"
"Interaction feedback","Microinteractions","Recent","1820 Productions","1820-productions","https://www.awwwards.com/sites/1820-productions","https://www.awwwards.com/websites/portfolio/?page=17"
"Interaction feedback","Microinteractions","Middle","3point14","3point14","https://www.awwwards.com/sites/3point14","https://www.awwwards.com/websites/portfolio/?page=34"
"Interaction feedback","Microinteractions","Earlier","Airbag Studio","airbag-studio","https://www.awwwards.com/sites/airbag-studio","https://www.awwwards.com/websites/portfolio/?page=66"
"Personal narrative","Storytelling","Recent","Abhay Singh","abhay-singh","https://www.awwwards.com/sites/abhay-singh","https://www.awwwards.com/websites/portfolio/?page=4"
"Personal narrative","Storytelling","Middle","3D Portfolio","3d-portfolio","https://www.awwwards.com/sites/3d-portfolio","https://www.awwwards.com/websites/portfolio/?page=42"
"Personal narrative","Storytelling","Earlier","+13322566869","13322566869","https://www.awwwards.com/sites/13322566869","https://www.awwwards.com/websites/portfolio/?page=54"
"Interface clarity","UI design","Recent","A24","a24","https://www.awwwards.com/sites/a24","https://www.awwwards.com/websites/portfolio/"
"Interface clarity","UI design","Middle","Agence X designs","agence-x-designs","https://www.awwwards.com/sites/agence-x-designs","https://www.awwwards.com/websites/portfolio/?page=36"
"Interface clarity","UI design","Earlier","Aawkward Aardvark","aawkward-aardvark","https://www.awwwards.com/sites/aawkward-aardvark","https://www.awwwards.com/websites/portfolio/?page=60"
"Color systems","Colorful","Recent","Acid Crunch","acid-crunch","https://www.awwwards.com/sites/acid-crunch","https://www.awwwards.com/websites/portfolio/?page=6"
"Color systems","Colorful","Middle","8enjamin","8enjamin","https://www.awwwards.com/sites/8enjamin","https://www.awwwards.com/websites/portfolio/?page=28"
"Color systems","Colorful","Earlier","Ahoy! agvertising agency","ahoy-agvertising-agency","https://www.awwwards.com/sites/ahoy-agvertising-agency","https://www.awwwards.com/websites/portfolio/?page=57"
